"","ID","date","postcode","property_type","whether_old_or_new","freehold_or_leasehold","address1","address2","address3","town","local_aut","county","postcode_short","current_energy_rating","total_floor_area","number_habitable_rooms","co2_emissions_current","co2_emissions_potential","energy_consumption_current","energy_consumption_potential","windows_energy_eff","tenure","latitude","longitude","population","altitude","london_zone","nearest_station","water_company","average_income","district","type_of_closest_station","num_tube_lines","num_rail_lines","num_light_rail_lines","distance_to_station","asking_price","predicted_price","profit","profit_perc"
"1",12562,NA,NA,"F","N","L",NA,NA,NA,NA,NA,NA,"HA0","C",59,2,1.5,1.4,142,136,"Average","owner-occupied",51.551654,-0.296625,79,38,4,"wembley central","Affinity Water",48900,"Brent","tube",2,1,1,0.1037738,229000,313764.458276339,84764.4582763393,0.370150472822443
"2",8866,NA,NA,"F","N","L",NA,NA,NA,NA,NA,NA,"E3","D",58,2,2.8,1.2,253,110,"Average","owner-occupied",51.536359,-0.032838,23,17,2,"hackney wick","Thames Water",46200,"Tower Hamlets","light_rail",0,0,1,0.9140794,152000,358974.692320065,206974.692320065,1.36167560736885
"3",6805,NA,NA,"F","N","L",NA,NA,NA,NA,NA,NA,"SW17","C",55,3,2.5,2.1,262,217,"Average","rental (private)",51.429616,-0.152251,71,37,3,"tooting bec","Thames Water",69000,"Wandsworth","tube",1,0,0,0.7543796,296000,501462.370175839,205462.370175839,0.694129628972429
"4",10123,NA,NA,"F","N","L",NA,NA,NA,NA,NA,NA,"SE26","E",49,2,4.3,2.6,519,309,"Average","owner-occupied",51.424712,-0.041808,37,33,4,"lower sydenham","Thames Water",52600,"Lewisham","rail",0,1,0,0.758108,1e+05,315898.075729509,215898.075729509,2.15898075729509
"5",5224,NA,NA,"F","N","L",NA,NA,NA,NA,NA,NA,"SE6","C",40.95,2,2.1,2,293,282,"Average","owner-occupied",51.441372,0.009397,45,33,3,"lee","Thames Water",48000,"Lewisham","rail",0,1,0,1.1210056,171000,297965.881410765,126965.881410765,0.742490534565879
"6",5977,NA,NA,"F","N","L",NA,NA,NA,NA,NA,NA,"SW7","C",69,3,2.1,1,177,81,"Very Poor","owner-occupied",51.496389,-0.174807,24,15,1,"south kensington","Thames Water",50600,"Kensington and Chelsea","tube",3,0,0,0.1572142,192000,567293.144376299,375293.144376299,1.95465179362656
"7",1293,NA,NA,"F","N","L",NA,NA,NA,"EALING",NA,NA,"W13","B",65,3,1,0.9,89,83,"Good","owner-occupied",51.512593,-0.316702,112,31,3,"west ealing","Thames Water",64800,"Ealing","rail",0,1,0,0.3150498,334000,488119.225009992,154119.225009992,0.461434805419138
"8",15713,NA,NA,"F","N","L",NA,NA,NA,NA,NA,NA,"HA0","D",65,3,3.1,1.8,271,160,"Average","rental (private)",51.551003,-0.303088,96,41,4,"wembley central","Affinity Water",47800,"Brent","tube",2,1,1,0.3343132,84000,333220.193835272,249220.193835272,2.96690706946753
"9",12502,NA,NA,"F","N","L",NA,NA,NA,NA,NA,NA,"HA0","D",50,3,2.8,1.4,321,161,"Good","owner-occupied",51.544373,-0.284509,96,37,3,"stonebridge park","Affinity Water",48900,"Brent","tube",2,0,1,0.6133218,231000,389123.793728259,158123.793728259,0.684518587568223
"10",9334,NA,NA,"F","N","L",NA,NA,NA,NA,NA,NA,"N1","D",70,4,2.3,1.3,184,108,"Good","rental (private)",51.531158,-0.080972,50,23,1,"hoxton","Thames Water",54300,"Islington","light_rail",0,0,1,0.329342,378000,538933.567563902,160933.567563902,0.425750178740482
"11",12114,NA,NA,"D","N","F",NA,NA,NA,NA,NA,NA,"KT3","E",119,6,6.4,3,305,142,"Average","owner-occupied",51.390781,-0.249153,77,22,4,"motspur park","Thames Water",65000,"Kingston upon Thames","rail",0,1,0,0.6580626,505000,754699.551888325,249699.551888325,0.494454558194702
"12",607,NA,NA,"S","N","F",NA,NA,NA,NA,NA,NA,"RM12","E",63,4,3.8,0.9,318,75,"Good","rental (private)",51.561882,0.186018,87,9,6,"elm park","Essex & Suffolk Water",49900,"Havering","tube",1,0,0,1.3807508,289000,400460.478944829,111460.478944829,0.385676397732971
"13",11195,NA,NA,"F","N","L",NA,NA,NA,NA,NA,NA,"E17","D",46,2,2.6,1.1,321,135,"Very Poor","rental (private)",51.583368,-0.039599,184,10,3,"blackhorse road","Thames Water",50700,"Waltham Forest","tube",1,0,1,0.3088358,252000,406716.969326528,154716.969326528,0.613956227486223
"14",8021,NA,NA,"F","N","L",NA,NA,NA,NA,NA,NA,"KT6","D",41,2,3.9,2.7,561,393,"Average","rental (private)",51.391027,-0.297552,33,39,6,"surbiton","Thames Water",57900,"Kingston upon Thames","rail",0,1,0,0.4747496,241000,381301.238903263,140301.238903263,0.582162817025988
"15",12412,NA,NA,"S","N","F",NA,NA,NA,NA,NA,NA,"CR2","E",103.26,5,6.2,3.9,361,225,"Average","owner-occupied",51.347541,-0.060522,67,155,3,"coombe lane","SES Water",62800,"Croydon","light_rail",0,0,1,1.5988622,228000,514413.335965119,286413.335965119,1.25619884195228
"16",6990,NA,NA,"F","N","L",NA,NA,NA,NA,NA,NA,"SE20","E",44,2,4.6,2.5,599,324,"Average","owner-occupied",51.411126,-0.05382,50,47,3,"avenue road","Thames Water",55700,"Bromley","light_rail",0,0,1,0.304486,140000,242379.244513387,102379.244513387,0.731280317952767
"17",12871,NA,NA,"S","N","F",NA,NA,NA,NA,NA,NA,"CR5","D",57,3,2.9,1.7,289,169,"Good","owner-occupied",51.301164,-0.115555,62,166,6,"coulsdon south","SES Water",53700,"Croydon","rail",0,1,0,1.6771586,317000,432194.485329218,115194.485329218,0.363389543625295
"18",8883,NA,NA,"F","N","L",NA,NA,NA,NA,NA,NA,"SW19","C",40,2,2.3,1.9,324,270,"Good","rental (private)",51.424221,-0.17987,51,14,3,"colliers wood","Thames Water",64700,"Merton","tube",1,0,0,0.4759924,258000,400664.82994761,142664.82994761,0.55296445716128
"19",11034,NA,NA,"F","N","L",NA,NA,NA,NA,NA,NA,"N17","C",68,4,2.4,2.4,201,201,"Average","rental (social)",51.609117,-0.08225,195,22,3,"white hart lane","Thames Water",37700,"Haringey","light_rail",0,0,1,0.7214454,152000,293492.148504572,141492.148504572,0.930869398056398
"20",14001,NA,NA,"F","N","L",NA,NA,NA,"ADDISCOMBE",NA,NA,"CR0","B",48,2,1.8,1.8,228,228,"Good","owner-occupied",51.380107,-0.07103,46,59,3,"addiscombe","Thames Water",59100,"Croydon","light_rail",0,0,1,0.1236586,181000,301764.202543521,120764.202543521,0.667205538914481
"21",9090,NA,NA,"F","N","L",NA,NA,NA,NA,NA,NA,"SW2","D",64,3,3.5,1.1,309,102,"Average","owner-occupied",51.453998,-0.114565,53,26,2,"herne hill","Thames Water",61900,"Lambeth","rail",0,1,0,0.8556678,267000,444824.583740622,177824.583740622,0.66600967693117
"22",3539,NA,NA,"T","N","F",NA,NA,NA,NA,NA,NA,"RM2","E",96,4,5.8,2.2,341,130,"Average","owner-occupied",51.57785,0.207322,30,31,6,"gidea park","Essex & Suffolk Water",54000,"Havering","rail",0,1,0,0.4045314,293000,418092.72431802,125092.72431802,0.426937625658771
"23",7802,NA,NA,"T","N","F",NA,NA,NA,NA,NA,NA,"SE6","D",78,4,4.5,2.8,348,216,"Average","owner-occupied",51.445391,-0.011653,60,21,3,"catford bridge","Thames Water",48700,"Lewisham","rail",0,1,0,0.7369804,231000,401291.797808029,170291.797808029,0.737193929904886
"24",4304,NA,NA,"F","N","L",NA,NA,NA,NA,NA,NA,"SE22","C",47,2,1.5,1.2,182,142,"Average","owner-occupied",51.462303,-0.066803,96,23,2,"peckham rye","Thames Water",62600,"Southwark","light_rail",0,1,1,0.6530914,259000,371437.557662214,112437.557662214,0.434121844255652
"25",2347,NA,NA,"F","N","L",NA,NA,NA,NA,NA,NA,"N11","C",49,2,1.8,1.6,212,187,"Good","owner-occupied",51.615268,-0.139825,53,54,4,"new southgate","Thames Water",52600,"Barnet","rail",0,1,0,0.2460744,221000,342127.613697639,121127.613697639,0.548088749763075
"26",15078,NA,NA,"S","N","F",NA,NA,NA,NA,NA,NA,"NW2","E",202,7,11,5.2,311,144,"Very Poor","owner-occupied",51.545646,-0.225437,99,64,2,"willesden green","Thames Water",54700,"Camden","tube",1,0,0,0.7096388,935000,1351540.12459075,416540.124590746,0.445497459455343
"27",11205,NA,NA,"D","N","F",NA,NA,NA,NA,NA,NA,"TW12","D",107.75,5,5.6,4.1,271,196,"Average","rental (private)",51.425031,-0.368609,80,20,6,"hampton","Thames Water",54700,"Richmond upon Thames","rail",0,1,0,0.7879352,557000,760421.661727627,203421.661727627,0.365209446548702
"28",14299,NA,NA,"S","N","F",NA,NA,NA,NA,NA,NA,"RM13","E",82,3,5.2,1.3,356,86,"Average","owner-occupied",51.53669,0.197802,23,9,6,"elm park","Essex & Suffolk Water",44600,"Havering","tube",1,0,0,1.177553,255000,386064.074323202,131064.074323202,0.513976762051774
"29",13510,NA,NA,"S","N","F",NA,NA,NA,NA,NA,NA,"BR5","D",127,5,5,3.7,222,165,"Good","owner-occupied",51.388299,0.09496,66,77,6,"st mary cray","Thames Water",59500,"Bromley","rail",0,1,0,0.9202934,413000,604192.708884164,191192.708884164,0.462936341123883
"30",7253,NA,NA,"F","N","L",NA,NA,NA,NA,NA,NA,"NW8","D",51,3,2.5,1.1,255,115,"Poor","owner-occupied",51.539019,-0.189699,32,36,2,"kilburn high road","Thames Water",45700,"Westminster","light_rail",0,0,1,0.0801606,341000,468221.880562471,127221.880562471,0.373084693731588
"31",15656,NA,NA,"T","N","F",NA,NA,NA,NA,NA,NA,"E8","C",105,5,2.6,1,132,48,"Good","owner-occupied",51.545155,-0.070822,44,19,2,"dalston junction","Thames Water",56000,"Hackney","light_rail",0,0,1,0.3399058,580000,1046511.77206006,466511.772060063,0.804330641482867
"32",6609,NA,NA,"F","N","L",NA,NA,NA,NA,NA,NA,"DA6","E",57.6,3,4.7,3.4,492,356,"Average","owner-occupied",51.451319,0.154163,18,39,6,"bexley","Thames Water",61700,"Bexley","rail",0,1,0,0.96317,205000,283898.534853681,78898.5348536809,0.384870901725273
"33",8520,NA,NA,"T","N","F",NA,NA,NA,NA,NA,NA,"BR5","C",42,2,1.7,0.1,212,1,"Good","rental (private)",51.382749,0.114582,72,68,6,"st mary cray","Thames Water",50900,"Bromley","rail",0,1,0,1.4124422,190000,311298.623088187,121298.623088187,0.6384138057273
"34",1287,NA,NA,"F","N","L",NA,NA,NA,NA,NA,NA,"DA17","C",59.62,3,2.8,2.8,267,261,"Average","owner-occupied",51.484963,0.151139,48,49,5,"belvedere","Thames Water",45800,"Bexley","rail",0,1,0,0.6412848,168000,239865.57870017,71865.57870017,0.427771301786726
"35",7824,NA,NA,"F","N","L",NA,NA,NA,NA,NA,NA,"SW19","C",66,3,2.6,2.5,225,215,"Average","owner-occupied",51.443891,-0.222257,113,57,3,"southfields","Thames Water",61800,"Merton","tube",1,0,0,0.792285,364000,512964.023502995,148964.023502995,0.409241822810424
"36",4491,NA,NA,"F","N","L",NA,NA,NA,NA,NA,NA,"TW1","C",47,3,1.5,1.2,181,152,"Average","rental (private)",51.446133,-0.335105,14,12,5,"twickenham","Thames Water",70600,"Richmond upon Thames","rail",0,1,0,0.6095934,218000,419457.211829338,201457.211829338,0.924115650593295
"37",13112,NA,NA,"S","N","F",NA,NA,NA,NA,NA,NA,"W4","C",134,6,4,2.2,156,83,"Average","owner-occupied",51.503573,-0.255683,91,7,2,"turnham green","Thames Water",72900,"Hounslow","tube",2,0,0,0.6046222,9e+05,1245200.39908807,345200.399088074,0.383555998986749
"38",8846,NA,NA,"D","N","F",NA,NA,NA,NA,NA,NA,"NW4","D",247,8,8.8,5.6,203,128,"Average","owner-occupied",51.585573,-0.213532,31,52,3,"brent cross","Thames Water",54400,"Barnet","tube",1,0,0,0.9091082,1093000,1819141.19133287,726141.191332871,0.664356076242334
"39",10806,NA,NA,"T","N","F",NA,NA,NA,NA,NA,NA,"SM6","C",48.238,2,1.9,1.8,230,228,"Poor","owner-occupied",51.370933,-0.143337,67,39,4,"hackbridge","SES Water",57200,"Sutton","rail",0,1,0,0.9047584,232000,398590.893980996,166590.893980996,0.718064198193948
"40",10578,NA,NA,"S","N","F",NA,NA,NA,NA,NA,NA,"W5","F",203,9,13,4.9,375,136,"Average","owner-occupied",51.514333,-0.312551,69,34,3,"west ealing","Thames Water",64800,"Ealing","rail",0,1,0,0.3889964,773000,1366222.49797886,593222.497978861,0.767428846026987
"41",9505,NA,NA,"F","N","L",NA,NA,NA,NA,NA,NA,"BR2","C",48,2,1.2,1.1,139,131,"Average","owner-occupied",51.403058,0.005459,55,45,4,"shortlands","Thames Water",64600,"Bromley","rail",0,1,0,0.3703544,193000,277678.381191864,84678.3811918643,0.438748089077017
"42",9712,NA,NA,"T","N","F",NA,NA,NA,NA,NA,NA,"SE8","D",117.45,5,5.3,4.1,271,208,"Poor","owner-occupied",51.468812,-0.017748,94,7,2,"elverson road","Thames Water",50700,"Lewisham","light_rail",0,0,1,0.0447408,498000,700449.205988957,202449.205988957,0.406524510017987
"43",3738,NA,NA,"T","N","F",NA,NA,NA,NA,NA,NA,"SE24","E",227,8,7.7,4,230,120,"Poor","owner-occupied",51.455141,-0.094036,126,30,2,"north dulwich","Thames Water",76600,"Lambeth","rail",0,1,0,0.3305848,1250000,1698914.69954691,448914.699546912,0.359131759637529
"44",4403,NA,NA,"F","N","L",NA,NA,NA,"EARLSFIELD",NA,NA,"SW18","C",101,4,3.4,2,175,102,"Average","owner-occupied",51.4395,-0.182226,83,13,3,"earlsfield","Thames Water",62700,"Wandsworth","rail",0,1,0,0.3585478,450000,642909.664346709,192909.664346709,0.428688142992686
"45",5074,NA,NA,"T","N","F",NA,NA,NA,NA,NA,NA,"CR7","D",72,5,3.5,2.8,291,233,"Average","rental (private)",51.389795,-0.117636,114,40,3,"ampere way","Thames Water",48600,"Croydon","light_rail",0,0,1,0.925886,304000,486262.712182501,182262.712182501,0.599548395337174
"46",15697,NA,NA,"S","N","F",NA,NA,NA,NA,NA,NA,"EN3","E",82,5,6.2,1.3,392,79,"Poor","rental (private)",51.661039,-0.039213,82,18,5,"brimsdown","Thames Water",44300,"Enfield","rail",0,1,0,0.608972,246000,429895.146487331,183895.146487331,0.747541245883458
"47",1688,NA,NA,"T","N","F",NA,NA,NA,NA,NA,NA,"HA4","D",102,6,4,1.7,220,90,"Average","owner-occupied",51.553844,-0.405085,101,34,5,"south ruislip","Affinity Water",56600,"Hillingdon","tube",1,1,0,0.4244162,280000,533153.817595816,253153.817595816,0.904120777127915
"48",14382,NA,NA,"F","N","L",NA,NA,NA,NA,NA,NA,"E5","D",66,3,3.4,2.8,265,221,"Poor","owner-occupied",51.569186,-0.054682,94,19,2,"clapton","Thames Water",44600,"Hackney","light_rail",0,0,1,0.5729308,311000,485698.218992799,174698.218992799,0.561730607693888
"49",7063,NA,NA,"F","N","L",NA,NA,NA,"CHEAM",NA,NA,"SM3","C",39,2,1.8,1.7,269,263,"Good","owner-occupied",51.370269,-0.229348,75,42,5,"stoneleigh","SES Water",55400,"Sutton","rail",0,1,0,1.2440428,130000,260782.257026147,130782.257026147,1.0060173617396
"50",7386,NA,NA,"F","N","L",NA,NA,NA,NA,NA,NA,"RM3","C",47,2,1.8,1.3,217,161,"Average","owner-occupied",51.589987,0.226675,104,38,6,"harold wood","Essex & Suffolk Water",51900,"Havering","rail",0,1,0,0.5679596,156000,234177.340037788,78177.3400377877,0.501136795114023
"51",6383,NA,NA,"F","N","L",NA,NA,NA,NA,NA,NA,"TW13","C",40,2,1.4,1.4,200,201,"Good","rental (private)",51.447643,-0.41086,202,22,6,"feltham","Affinity Water",53700,"Hounslow","rail",0,1,0,0.2075476,173000,259477.517055764,86477.5170557638,0.499870040784762
"52",7092,NA,NA,"S","N","F",NA,NA,NA,NA,NA,NA,"TW9","C",114,7,2.8,1.5,140,74,"Good","owner-occupied",51.467854,-0.281247,76,7,3,"north sheen","Thames Water",61900,"Richmond upon Thames","rail",0,1,0,0.2435888,565000,1184672.49591146,619672.495911456,1.0967654794893
"53",2648,NA,NA,"S","N","F",NA,NA,NA,NA,NA,NA,"IG8","D",86,4,3.8,2.2,248,141,"Average","owner-occupied",51.607814,0.009589,107,38,4,"highams park","Thames Water",62400,"Redbridge","light_rail",0,0,1,0.640042,416000,695899.860901386,279899.860901386,0.67283620408987
"54",72,NA,NA,"T","N","F",NA,NA,NA,NA,NA,NA,"SE28","D",58,3,2.6,0.7,253,64,"Average","owner-occupied",51.50324,0.10236,157,3,4,"abbey wood","Thames Water",49700,"Greenwich","rail",0,1,0,2.6571064,226000,310859.792425134,84859.7924251339,0.375485807190858
"55",8639,NA,NA,"F","N","L",NA,NA,NA,NA,NA,NA,"CR4","D",49.3,2,2.9,2.1,348,251,"Very Poor","rental (private)",51.397568,-0.175897,121,19,3,"mitcham","Thames Water",47500,"Merton","light_rail",0,0,1,0.3330704,157000,271128.238293791,114128.238293791,0.726931454100577
"56",3406,NA,NA,"D","N","F",NA,NA,NA,NA,NA,NA,"CR2","E",220,9,16,5.5,336,112,"Very Poor","owner-occupied",51.359297,-0.08417,19,82,3,"lloyd park","Thames Water",61500,"Croydon","light_rail",0,0,1,0.5505604,764000,1099033.70066973,335033.700669731,0.438525786216925
"57",5770,NA,NA,"F","N","L",NA,NA,NA,NA,NA,NA,"E2","B",101,4,1.7,1.7,91,91,"Good","owner-occupied",51.5335,-0.055584,85,17,2,"cambridge heath","Thames Water",44400,"Hackney","light_rail",0,0,1,0.1037738,218000,556515.840032403,338515.840032403,1.55282495427708
"58",1615,NA,NA,"F","N","L",NA,NA,NA,NA,NA,NA,"SW5","C",108,5,2.9,2,151,107,"Average","owner-occupied",51.494928,-0.186736,127,17,1,"gloucester road","Thames Water",56600,"Kensington and Chelsea","tube",3,0,0,0.2162472,1106000,1598274.40664523,492274.406645226,0.445094400221723
"59",13133,NA,NA,"F","N","L",NA,NA,NA,NA,NA,NA,"SW17","G",97,5,15,2.2,867,127,"Average","rental (private)",51.435417,-0.165412,62,29,3,"tooting bec","Thames Water",60700,"Wandsworth","tube",1,0,0,0.3436342,390000,553765.228588886,163765.228588886,0.419910842535605
"60",15822,NA,NA,"S","N","F",NA,NA,NA,NA,NA,NA,"TW13","D",65,4,3.1,0.7,266,60,"Good","owner-occupied",51.436234,-0.419673,66,15,6,"feltham","Affinity Water",53500,"Hounslow","rail",0,1,0,1.1539398,289000,396227.235865539,107227.235865539,0.371028497804634
"61",13837,NA,NA,"F","N","L",NA,NA,NA,NA,NA,NA,"SW19","D",47.31,2,3.2,3,366,342,"Average","rental (private)",51.417299,-0.192225,53,17,3,"south wimbledon","Thames Water",66200,"Merton","tube",1,0,0,0.0764322,307000,450778.030896783,143778.030896783,0.468332348197989
"62",11681,NA,NA,"F","N","L",NA,NA,NA,NA,NA,NA,"NW8","C",65,3,1.6,1.3,143,110,"Average","owner-occupied",51.528326,-0.175736,42,43,2,"warwick avenue","Thames Water",53500,"Westminster","tube",2,0,0,0.5194904,389000,586237.087206507,197237.087206507,0.507036213898476
"63",559,NA,NA,"D","N","F",NA,NA,NA,NA,NA,NA,"IG9","E",201,8,12,4.8,328,133,"Average","owner-occupied",51.624363,0.025128,41,63,4,"roding valley","Thames Water",59400,"Redbridge","tube",1,0,0,1.2384502,896000,1249809.28565377,353809.285653773,0.394876434881443
"64",12485,NA,NA,"F","N","L",NA,NA,NA,NA,NA,NA,"CR4","E",69,3,3.2,2.3,276,200,"Good","owner-occupied",51.411283,-0.16215,80,22,3,"mitcham eastfields","Thames Water",47600,"Merton","rail",0,1,0,0.521976,123000,293777.066419669,170777.066419669,1.38843143430625
"65",15804,NA,NA,"T","N","F",NA,NA,NA,NA,NA,NA,"IG3","E",99,4,6,1.3,317,65,"Average","owner-occupied",51.55179,0.0929,68,8,4,"seven kings","Essex & Suffolk Water",50400,"Redbridge","rail",0,1,0,1.1645036,231000,415939.95902043,184939.95902043,0.800605883205326
"66",6804,NA,NA,"F","N","L",NA,NA,NA,NA,NA,NA,"SE26","B",56.92,3,1.3,1.3,134,134,"Good","rental (social)",51.427234,-0.037227,90,32,4,"lower sydenham","Thames Water",43700,"Lewisham","rail",0,1,0,0.444301,204000,276858.885691817,72858.8856918166,0.357151400450081
"67",10994,NA,NA,"F","N","L",NA,NA,NA,NA,NA,NA,"RM11","D",67,3,3.8,2.2,339,193,"Average","owner-occupied",51.576723,0.213661,99,30,6,"emerson park","Essex & Suffolk Water",52600,"Havering","light_rail",0,0,1,0.6437704,161000,228055.399115682,67055.399115682,0.416493162209205
"68",12048,NA,NA,"F","N","L",NA,NA,NA,NA,NA,NA,"SE14","C",54,3,1.7,1.2,183,132,"Average","owner-occupied",51.477085,-0.050971,72,5,2,"queens road peckham","Thames Water",53100,"Lewisham","light_rail",0,1,1,0.7009392,285000,402629.141391669,117629.141391669,0.412733829444451
"69",9716,NA,NA,"F","N","L",NA,NA,NA,NA,NA,NA,"HA2","C",52,3,1.2,1.2,131,131,"Good","owner-occupied",51.568759,-0.355404,170,59,5,"south harrow","Affinity Water",54500,"Harrow","tube",1,0,0,0.3715972,203000,292960.153558982,89960.1535589817,0.443153465807792
"70",13586,NA,NA,"T","N","F",NA,NA,NA,NA,NA,NA,"SE9","D",92,4,4.1,2.3,255,139,"Average","owner-occupied",51.458523,0.03691,71,28,3,"kidbrooke","Thames Water",53200,"Greenwich","rail",0,1,0,0.702182,381000,531149.907533784,150149.907533784,0.394094245495497
"71",14772,NA,NA,"D","N","F",NA,NA,NA,NA,NA,NA,"CR0","D",117,5,4.9,2,239,97,"Average","owner-occupied",51.38747,-0.049219,7,45,3,"arena","Thames Water",56200,"Croydon","light_rail",0,0,1,0.6064864,438000,772681.398305515,334681.398305515,0.764112781519442
"72",13132,NA,NA,"F","N","L",NA,NA,NA,NA,NA,NA,"E4","D",45,1,2.3,1.1,264,131,"Average","rental (private)",51.609635,-0.019259,218,14,4,"highams park","Thames Water",46900,"Waltham Forest","light_rail",0,0,1,1.068808,199000,274719.626678549,75719.626678549,0.380500636575623
"73",5304,NA,NA,"T","N","L",NA,NA,NA,NA,NA,NA,"SE15","D",50,3,2.4,1.4,268,157,"Average","owner-occupied",51.470671,-0.057813,64,14,2,"queens road peckham","Thames Water",45200,"Southwark","light_rail",0,1,1,0.4150952,341000,535837.184559495,194837.184559495,0.571370042696465
"74",6453,NA,NA,"S","N","F",NA,NA,NA,NA,NA,NA,"N9","D",79,4,4.2,1.9,274,122,"Average","owner-occupied",51.624419,-0.051342,116,14,4,"edmonton green","Thames Water",38100,"Enfield","light_rail",0,1,1,0.6344494,217000,445009.902342543,228009.902342543,1.05073687715458
"75",4848,NA,NA,"S","N","F",NA,NA,NA,NA,NA,NA,"TW5","D",126,5,4.6,2.4,208,106,"Average","rental (private)",51.486295,-0.388676,98,32,5,"hounslow west","Thames Water",51500,"Hounslow","tube",1,0,0,1.2011662,261000,497566.688190288,236566.688190288,0.90638577850685
"76",10024,NA,NA,"F","N","L",NA,NA,NA,NA,NA,NA,"SE16","C",58,3,1.6,1.3,147,116,"Good","rental (private)",51.49129,-0.046966,58,8,2,"surrey quays","Thames Water",51800,"Southwark","light_rail",0,0,1,0.298272,140000,442350.925042233,302350.925042233,2.15964946458738
"77",10077,NA,NA,"S","N","F",NA,NA,NA,NA,NA,NA,"N14","D",76,4,3.9,1.8,295,134,"Good","owner-occupied",51.6361,-0.127181,43,59,4,"southgate","Thames Water",61700,"Enfield","tube",1,0,0,0.1907698,448000,661989.669413596,213989.669413596,0.477655512083919
"78",11492,NA,NA,"T","N","F",NA,NA,NA,NA,NA,NA,"W5","E",184,7,8.8,4.1,271,124,"Poor","owner-occupied",51.512121,-0.301386,58,34,3,"ealing broadway","Thames Water",62800,"Ealing","tube",2,1,0,0.3007576,1089000,2377715.26863077,1288715.26863077,1.18339326779685
"79",11008,NA,NA,"F","N","L",NA,NA,NA,"LEYTON",NA,NA,"E10","C",69,3,1.3,1.3,101,101,"Good","owner-occupied",51.569596,-0.035951,50,7,3,"lea bridge","Thames Water",54700,"Waltham Forest","rail",0,1,0,0.3628976,130000,338220.139414395,208220.139414395,1.60169338011073
"80",1194,NA,NA,"F","N","L",NA,NA,NA,NA,NA,NA,"NW6","D",48,2,2.6,2.2,306,259,"Poor","rental (private)",51.551314,-0.191634,37,63,2,"west hampstead thameslink","Thames Water",64100,"Brent","rail",0,1,0,0.1851772,379000,525471.962618779,146471.962618779,0.386469558360895
"81",6629,NA,NA,"F","N","L",NA,NA,NA,NA,NA,NA,"SE1","D",56,3,2.5,1.4,251,145,"Very Poor","owner-occupied",51.507685,-0.093487,77,11,1,"london bridge","Thames Water",56600,"Southwark","tube",2,1,0,0.4828278,393000,707355.004895265,314355.004895265,0.79988550863935
"82",1388,NA,NA,"F","N","L",NA,NA,NA,NA,NA,NA,"N1","C",70.2,3,3,2.5,257,213,"Good","owner-occupied",51.540611,-0.118832,165,33,2,"caledonian road and barnsbury","Thames Water",44400,"Islington","light_rail",0,0,1,0.4312516,349000,503742.209037575,154742.209037575,0.443387418445775
"83",3961,NA,NA,"T","N","F",NA,NA,NA,NA,NA,NA,"SE28","D",57.52,3,2.6,1.9,276,196,"Average","owner-occupied",51.50994,0.12479,54,2,4,"abbey wood","Thames Water",49800,"Greenwich","rail",0,1,0,2.1171098,228000,332645.917042948,104645.917042948,0.458973320363806
"84",9699,NA,NA,"S","N","F",NA,NA,NA,NA,NA,NA,"W13","C",146,6,3.2,1.7,126,65,"Average","owner-occupied",51.506817,-0.317765,108,26,3,"northfields","Thames Water",72200,"Ealing","tube",1,0,0,0.4573504,780000,1209490.59055987,429490.590559872,0.550628962256246
"85",12206,NA,NA,"T","N","F",NA,NA,NA,NA,NA,NA,"SW2","D",193.65,8,9.5,9,292,276,"Very Poor","owner-occupied",51.457304,-0.121064,65,27,2,"brixton","Thames Water",61900,"Lambeth","tube",1,1,0,0.6064864,897000,1631582.81043739,734582.810437391,0.81893289903834
"86",9885,NA,NA,"S","N","F",NA,NA,NA,NA,NA,NA,"NW4","D",111,4,3.9,1.8,199,89,"Average","owner-occupied",51.595634,-0.214317,94,59,3,"hendon central","Thames Water",58700,"Barnet","tube",1,0,0,1.4503476,494000,885082.464144254,391082.464144254,0.791664907174604
"87",8632,NA,NA,"F","N","L",NA,NA,NA,NA,NA,NA,"W2","D",39,1,1.7,1.2,252,169,"Very Poor","rental (social)",51.519176,-0.187589,254,29,2,"royal oak","Thames Water",56500,"Westminster","tube",2,0,0,0.1000454,259000,587937.151282451,328937.151282451,1.27002761112916
"88",2129,NA,NA,"T","N","F",NA,NA,NA,NA,NA,NA,"SE6","D",139,6,6.2,3.8,252,152,"Average","owner-occupied",51.434284,-0.023818,60,22,3,"bellingham","Thames Water",45100,"Lewisham","rail",0,1,0,0.2106546,373000,583660.004027369,210660.004027369,0.564772128759702
"89",10704,NA,NA,"F","N","F",NA,NA,NA,"EDMONTON",NA,NA,"N9","D",92,5,4.2,1.1,261,68,"Average","owner-occupied",51.631586,-0.079309,51,25,4,"edmonton green","Thames Water",56700,"Enfield","light_rail",0,1,1,0.857532,264000,391024.639630884,127024.639630884,0.481153937995772
"90",15321,NA,NA,"T","N","F",NA,NA,NA,NA,NA,NA,"SE6","D",88,5,4.4,1,258,56,"Poor","owner-occupied",51.43968,-0.001541,134,35,3,"bellingham","Thames Water",56800,"Lewisham","rail",0,1,0,1.0725364,414000,570328.939962434,156328.939962434,0.377606135174962
"91",9096,NA,NA,"F","N","L",NA,NA,NA,NA,NA,NA,"SE19","D",44,2,2.1,1.2,243,146,"Very Poor","owner-occupied",51.42809,-0.075828,58,102,3,"gipsy hill","Thames Water",56500,"Croydon","rail",0,1,0,0.8991658,261000,369787.245875837,108787.245875837,0.416809371171789
"92",8729,NA,NA,"T","N","F",NA,NA,NA,NA,NA,NA,"SW14","C",208,8,4.5,2.7,122,72,"Poor","owner-occupied",51.466863,-0.261604,109,10,3,"mortlake","Thames Water",68200,"Richmond upon Thames","rail",0,1,0,0.363519,1005000,1478402.52148152,473402.521481525,0.471047285056244
"93",1752,NA,NA,"F","N","L",NA,NA,NA,NA,NA,NA,"CR2","C",26,2,0.9,0.8,204,184,"Average","owner-occupied",51.352222,-0.101943,71,73,6,"purley oaks","Thames Water",62300,"Croydon","rail",0,1,0,0.4946344,153000,250512.364189064,97512.3641890643,0.637335713654015
"94",5901,NA,NA,"D","N","F",NA,NA,NA,NA,NA,NA,"BR6","D",78,4,3.6,1.6,258,110,"Average","owner-occupied",51.359478,0.102421,95,94,6,"chelsfield","Thames Water",61600,"Bromley","rail",0,1,0,0.344877,414000,626576.299876861,212576.299876861,0.51346932337406
"95",7534,NA,NA,"T","N","F",NA,NA,NA,NA,NA,NA,"N15","D",112,5,4.8,1.5,224,65,"Average","owner-occupied",51.584181,-0.079547,32,13,3,"seven sisters","Thames Water",44000,"Haringey","tube",1,1,1,0.4672928,442000,625409.678666312,183409.678666312,0.414954024131927
"96",15447,NA,NA,"F","N","L",NA,NA,NA,NA,NA,NA,"TW3","D",43,2,2.7,2.1,357,278,"Average","rental (private)",51.478257,-0.360274,68,29,4,"hounslow east","Thames Water",61500,"Hounslow","tube",1,0,0,0.447408,239000,371563.940956549,132563.940956549,0.554660840822381
"97",5843,NA,NA,"S","N","F",NA,NA,NA,NA,NA,NA,"CR2","E",145,4,8.6,6.6,337,256,"Average","rental (private)",51.346956,-0.053984,28,122,3,"gravel hill","SES Water",54400,"Croydon","light_rail",0,0,1,1.0619726,240000,638947.716074868,398947.716074868,1.66228215031195
"98",9820,NA,NA,"F","N","L",NA,NA,NA,NA,NA,NA,"SE9","D",45.77,2,2.7,2.6,386,384,"Average","owner-occupied",51.435176,0.076472,34,46,4,"new eltham","Thames Water",59300,"Greenwich","rail",0,1,0,0.3753256,199000,305661.7592821,106661.7592821,0.535988740111058
"99",13086,NA,NA,"S","N","F",NA,NA,NA,NA,NA,NA,"SW16","G",180,9,15,6.5,554,240,"Very Poor","owner-occupied",51.40949,-0.118841,173,40,3,"norbury","Thames Water",54100,"Croydon","rail",0,1,0,0.3119428,612000,1024359.3771825,412359.3771825,0.673789831997549
"100",11112,NA,NA,"D","N","F",NA,NA,NA,NA,NA,NA,"UB5","C",99,5,3,1.5,173,86,"Good","owner-occupied",51.553653,-0.373503,31,49,5,"northolt","Affinity Water",45700,"Ealing","tube",1,0,0,0.6406634,430000,640746.07695779,210746.07695779,0.49010715571579
"101",4026,NA,NA,"F","N","L",NA,NA,NA,NA,NA,NA,"SE8","D",44,2,1.9,1.2,249,157,"Average","rental (private)",51.478149,-0.027985,13,9,2,"deptford","Thames Water",45800,"Lewisham","rail",0,1,0,0.2249468,241000,361811.242447407,120811.242447407,0.501291462437373
"102",7795,NA,NA,"F","N","L",NA,NA,NA,NA,NA,NA,"NW6","D",86,5,3.9,1.7,253,115,"Good","owner-occupied",51.544919,-0.202632,104,48,2,"brondesbury","Thames Water",51900,"Brent","light_rail",0,0,1,0.2150044,377000,579069.965891776,202069.965891776,0.53599460448747
"103",5548,NA,NA,"T","N","F",NA,NA,NA,NA,NA,NA,"N7","D",134,5,6,3.3,255,137,"Very Poor","owner-occupied",51.556467,-0.113922,75,30,2,"holloway road","Thames Water",58700,"Islington","tube",1,0,0,0.4126096,887000,1260373.44089355,373373.440893549,0.42093961769284
"104",14897,NA,NA,"F","N","L",NA,NA,NA,NA,NA,NA,"KT9","C",70,3,2.4,1.9,194,153,"Good","owner-occupied",51.374132,-0.304486,51,36,6,"chessington north","Thames Water",57500,"Kingston upon Thames","rail",0,1,0,0.801606,247000,350243.147167472,103243.147167472,0.417988450070738
"105",15443,NA,NA,"F","N","L",NA,NA,NA,NA,NA,NA,"SE15","C",70,2,2,2,174,174,"Very Poor","rental (social)",51.478287,-0.061072,40,4,2,"queens road peckham","Thames Water",45200,"Southwark","light_rail",0,1,1,0.4188236,289000,414393.740146261,125393.740146261,0.433888374208516
"106",5912,NA,NA,"T","N","F",NA,NA,NA,NA,NA,NA,"E16","D",87,4,4.3,0.9,280,55,"Average","owner-occupied",51.519057,0.016374,19,2,3,"canning town","Thames Water",40200,"Newham","tube",1,0,1,0.695968,390000,550690.510966379,160690.510966379,0.412026951195844
"107",4617,NA,NA,"S","N","F",NA,NA,NA,NA,NA,NA,"KT5","E",98,5,6.1,1.2,324,59,"Poor","owner-occupied",51.384997,-0.276262,44,29,5,"tolworth","Thames Water",72000,"Kingston upon Thames","rail",0,1,0,0.6406634,405000,679052.098202829,274052.098202829,0.676671847414392
"108",4840,NA,NA,"F","N","L",NA,NA,NA,NA,NA,NA,"E17","D",29,1,2.2,1.7,450,340,"Average","rental (private)",51.592658,-0.030523,140,14,3,"blackhorse road","Thames Water",50700,"Waltham Forest","tube",1,0,1,0.8811452,156000,323876.950979606,167876.950979606,1.07613430115132
"109",68,NA,NA,"T","N","F",NA,NA,NA,NA,NA,NA,"SW13","D",109,6,4.9,2.3,254,117,"Average","owner-occupied",51.48395,-0.239336,68,6,2,"barnes bridge","Thames Water",65600,"Richmond upon Thames","tube",1,0,0,1.2564708,722000,1007621.37699472,285621.376994723,0.395597475061943
"110",8208,NA,NA,"D","N","F",NA,NA,NA,NA,NA,NA,"HA8","D",87,4,3.8,1.3,247,85,"Average","owner-occupied",51.627131,-0.265078,73,71,5,"edgware","Affinity Water",53800,"Barnet","tube",1,0,0,1.1825242,474000,677925.129101181,203925.129101181,0.430221791352702
"111",1704,NA,NA,"F","N","L",NA,NA,NA,NA,NA,NA,"SE6","D",52,3,4.3,2.2,488,252,"Very Poor","owner-occupied",51.441372,0.009397,45,33,3,"lee","Thames Water",48000,"Lewisham","rail",0,1,0,1.1210056,202000,301898.902242585,99898.9022425852,0.494549021002897
"112",1961,NA,NA,"F","N","L",NA,NA,NA,NA,NA,NA,"SE14","F",32,1,3.1,1.2,552,208,"Very Poor","rental (private)",51.481154,-0.050164,40,6,2,"queens road peckham","Thames Water",49700,"Lewisham","light_rail",0,1,1,0.6934824,172000,256793.294403233,84793.2944032332,0.49298426978624
"113",13875,NA,NA,"F","N","L",NA,NA,NA,NA,NA,NA,"NW10","D",37,2,3,2.2,468,355,"Very Poor","owner-occupied",51.567365,-0.258148,122,34,3,"neasden","Thames Water",43400,"Brent","tube",1,0,0,1.224158,189000,260077.833284539,71077.8332845391,0.376073191981688
"114",11374,NA,NA,"S","N","F",NA,NA,NA,NA,NA,NA,"UB2","D",146,5,6.1,2.9,236,110,"Average","owner-occupied",51.503133,-0.383184,28,33,4,"southall","Affinity Water",45400,"Ealing","rail",0,1,0,0.4281446,309000,440438.383216118,131438.383216118,0.425366935974492
"115",13779,NA,NA,"D","N","F",NA,NA,NA,NA,NA,NA,"TW12","F",110,6,8.8,2.6,452,135,"Average","owner-occupied",51.423966,-0.383275,70,19,6,"hampton","Thames Water",54700,"Richmond upon Thames","rail",0,1,0,0.9035156,518000,756935.524074622,238935.524074622,0.461265490491548
"116",672,NA,NA,"F","N","L",NA,NA,NA,NA,NA,NA,"N12","C",47,2,2.3,1.8,286,225,"Average","owner-occupied",51.613249,-0.177359,58,94,4,"woodside park","Affinity Water",51100,"Barnet","tube",1,0,0,0.7164742,176000,244496.914113012,68496.9141130121,0.389187012005751
"117",1027,NA,NA,"T","N","F",NA,NA,NA,NA,NA,NA,"N17","E",100.07,5,6.2,5.1,373,302,"Very Poor","rental (private)",51.595551,-0.073036,136,20,3,"bruce grove","Thames Water",42600,"Haringey","light_rail",0,0,1,0.2156258,343000,627278.100525949,284278.100525949,0.82879912689781
"118",13625,NA,NA,"T","N","F",NA,NA,NA,NA,NA,NA,"HA0","D",80,5,4.3,0.9,309,65,"Good","owner-occupied",51.542706,-0.30331,116,37,4,"alperton","Affinity Water",51400,"Brent","tube",1,0,0,0.4269018,306000,465625.368411141,159625.368411141,0.521651530755364
"119",504,NA,NA,"F","N","L",NA,NA,NA,NA,NA,NA,"SE13","C",45,2,1.3,1.2,171,147,"Good","owner-occupied",51.469076,-0.013143,12,15,2,"elverson road","Thames Water",50700,"Lewisham","light_rail",0,0,1,0.379054,245000,368389.608559342,123389.608559342,0.503631055344253
"120",8567,NA,NA,"F","N","L",NA,NA,NA,NA,NA,NA,"N22","C",47,2,1.2,1.1,150,129,"Average","rental (private)",51.603155,-0.117822,94,40,3,"alexandra palace","Thames Water",51000,"Haringey","rail",0,1,0,0.4020458,137000,362728.482652653,225728.482652653,1.64765315804856
"121",3727,NA,NA,"F","N","L",NA,NA,NA,NA,NA,NA,"SE13","D",31,1,2,0.9,371,160,"Good","owner-occupied",51.467459,-0.009528,52,23,2,"lewisham","Thames Water",59500,"Lewisham","light_rail",0,1,1,0.2821156,197000,356103.897200076,159103.897200076,0.807633995939474
"122",6887,NA,NA,"F","N","L",NA,NA,NA,NA,NA,NA,"W12","D",36,1,2.2,1.1,323,164,"Average","rental (social)",51.506731,-0.242003,86,10,2,"shepherds bush market","Thames Water",48800,"Hammersmith and Fulham","tube",2,0,0,0.6568198,220000,398613.032079249,178613.032079249,0.811877418542043
"123",2133,NA,NA,"F","N","L",NA,NA,NA,NA,NA,NA,"SW14","C",75,3,2.3,1.5,172,116,"Average","owner-occupied",51.462636,-0.274936,44,20,3,"north sheen","Thames Water",68200,"Richmond upon Thames","rail",0,1,0,0.9314786,352000,515497.510056716,163497.510056716,0.464481562661125
"124",8543,NA,NA,"S","N","F",NA,NA,NA,NA,NA,NA,"CR7","D",92.55,4,4.5,3.9,255,217,"Good","owner-occupied",51.404932,-0.097763,56,57,4,"thornton heath","Thames Water",44900,"Croydon","rail",0,1,0,0.5213546,315000,432273.372942349,117273.372942349,0.372296422039203
"125",13339,NA,NA,"F","N","L",NA,NA,NA,"WALTHAMSTOW",NA,NA,"E17","D",66,3,2.6,1.5,221,128,"Good","owner-occupied",51.573422,-0.029392,115,10,3,"lea bridge","Thames Water",54700,"Waltham Forest","rail",0,1,0,0.7692932,228000,325303.558296256,97303.5582962558,0.426769992527438
"126",5889,NA,NA,"T","N","L",NA,NA,NA,NA,NA,NA,"RM8","C",49,2,1.4,1.3,161,146,"Average","owner-occupied",51.553825,0.136167,71,12,5,"dagenham heathway","Essex & Suffolk Water",40900,"Barking and Dagenham","tube",1,0,0,1.2856766,166000,297323.957962691,131323.957962691,0.791108180498141
"127",13232,NA,NA,"T","N","F",NA,NA,NA,NA,NA,NA,"KT6","D",59.9,3,4.3,4.1,366,351,"Good","owner-occupied",51.377727,-0.304971,129,31,6,"chessington north","Thames Water",63300,"Kingston upon Thames","rail",0,1,0,1.1079562,290000,407218.009639478,117218.009639478,0.404200033239578
"128",5713,NA,NA,"F","N","L",NA,NA,NA,NA,NA,NA,"E14","C",65,3,1.9,1.7,164,148,"Good","owner-occupied",51.514979,-0.029798,52,8,2,"westferry","Thames Water",58600,"Tower Hamlets","light_rail",0,0,1,0.5679596,321000,454764.636585756,133764.636585756,0.416712263507027
"129",10413,NA,NA,"D","N","F",NA,NA,NA,NA,NA,NA,"EN2","E",204,8,10,6.5,286,179,"Average","owner-occupied",51.650619,-0.091789,67,43,5,"enfield chase","Thames Water",65200,"Enfield","rail",0,1,0,0.4554862,884000,1227640.60146119,343640.601461189,0.388733712060169
"130",10603,NA,NA,"T","N","F",NA,NA,NA,NA,NA,NA,"N13","C",115,5,2.7,1.5,133,71,"Average","owner-occupied",51.614762,-0.118786,86,30,3,"bowes park","Thames Water",52200,"Enfield","rail",0,1,0,0.6549556,416000,674069.637187135,258069.637187135,0.620359704776766
"131",14297,NA,NA,"S","N","F",NA,NA,NA,NA,NA,NA,"SW16","D",160,7,6.8,2.5,240,86,"Average","owner-occupied",51.424892,-0.137252,49,39,3,"streatham","Thames Water",54800,"Croydon","rail",0,1,0,0.5325398,680000,953867.001271618,273867.001271618,0.402745590105321
"132",11283,NA,NA,"F","N","L",NA,NA,NA,NA,NA,NA,"SW18","E",68,3,5,5,413,413,"Average","owner-occupied",51.444229,-0.189655,67,11,3,"earlsfield","Thames Water",62700,"Wandsworth","rail",0,1,0,0.1727492,188000,383445.863088056,195445.863088056,1.0396056547237
"133",1432,NA,NA,"F","N","L",NA,NA,NA,NA,NA,NA,"SW9","C",81,3,2.7,1.5,177,97,"Good","rental (private)",51.473122,-0.120544,99,10,2,"stockwell","Thames Water",54900,"Lambeth","tube",2,0,0,0.1932554,329000,739129.206795903,410129.206795903,1.24659333372615
"134",7169,NA,NA,"T","N","F",NA,NA,NA,NA,NA,NA,"CR4","D",45,3,3.3,1.5,414,186,"Average","rental (social)",51.41496,-0.170735,186,18,3,"colliers wood","Thames Water",52500,"Merton","tube",1,0,0,0.7668076,262000,443962.539249246,181962.539249246,0.694513508584907
"135",8346,NA,NA,"T","N","F",NA,NA,NA,NA,NA,NA,"SE15","D",69,3,2.9,0.8,218,60,"Good","owner-occupied",51.48242,-0.055424,77,4,2,"south bermondsey","Thames Water",43200,"Southwark","rail",0,1,0,0.5704452,337000,575704.326309661,238704.326309661,0.708321443055373
"136",15945,NA,NA,"T","N","L",NA,NA,NA,NA,NA,NA,"W14","D",225,5,7.7,4,193,100,"Good","owner-occupied",51.504138,-0.209049,104,12,2,"holland park","Thames Water",60100,"Kensington and Chelsea","tube",1,0,0,0.4840706,1949000,2670572.07746322,721572.077463218,0.370226822710732
"137",2740,NA,NA,"T","N","F",NA,NA,NA,NA,NA,NA,"SW19","C",126,5,3.7,1.7,155,67,"Average","owner-occupied",51.404925,-0.19336,75,19,4,"morden","Thames Water",72900,"Merton","tube",1,0,0,0.2466958,557000,939735.640016352,382735.640016352,0.687137594284294
"138",8416,NA,NA,"T","N","F",NA,NA,NA,NA,NA,NA,"W5","C",101.5,6,3,2.9,202,198,"Good","rental (private)",51.499703,-0.304527,75,26,3,"south ealing","Thames Water",56900,"Ealing","tube",1,0,0,0.3100786,574000,931218.843099994,357218.843099994,0.622332479268282
"139",4085,NA,NA,"F","N","L",NA,NA,NA,NA,NA,NA,"N21","C",36,2,1.6,0.9,251,143,"Very Poor","owner-occupied",51.645786,-0.116577,23,66,5,"oakwood","Thames Water",61700,"Enfield","tube",1,0,0,1.031524,128000,288208.868581544,160208.868581544,1.25163178579331
"140",3128,NA,NA,"F","N","L",NA,NA,NA,NA,NA,NA,"CR4","C",75,3,2,1.9,157,145,"Good","owner-occupied",51.408376,-0.164901,129,22,3,"mitcham eastfields","Thames Water",45700,"Merton","rail",0,1,0,0.5729308,117000,305541.600542014,188541.600542014,1.61146667129926
"141",13137,NA,NA,"F","N","L",NA,NA,NA,NA,NA,NA,"EN1","D",32,1,1.7,1.1,306,189,"Average","owner-occupied",51.64545,-0.067116,98,23,5,"bush hill park","Thames Water",49900,"Enfield","light_rail",0,0,1,0.2933008,190000,259807.740315741,69807.7403157413,0.367409159556533
"142",9101,NA,NA,"F","N","L",NA,NA,NA,NA,NA,NA,"RM14","E",84,4,5.3,1.8,373,119,"Very Poor","owner-occupied",51.561893,0.243151,39,16,6,"upminster","Essex & Suffolk Water",54600,"Havering","tube",1,0,1,0.5070624,83000,211737.262315792,128737.262315792,1.55105135320231
"143",8150,NA,NA,"T","N","F",NA,NA,NA,NA,NA,NA,"SE11","C",148,7,4.2,2.4,159,92,"Average","owner-occupied",51.494483,-0.107334,86,6,1,"elephant and castle","Thames Water",49500,"Lambeth","tube",3,1,0,0.4498936,1101000,1958918.79581191,857918.795811906,0.779217798194283
"144",10237,NA,NA,"F","N","L",NA,NA,NA,NA,NA,NA,"BR5","C",54,3,3.1,2.3,339,254,"Good","owner-occupied",51.397416,0.117601,83,46,6,"st mary cray","Thames Water",43200,"Bromley","rail",0,1,0,0.6692478,98000,221795.855722251,123795.855722251,1.26322301757399
"145",7296,NA,NA,"F","N","L",NA,NA,NA,NA,NA,NA,"E1W","B",63,3,1.2,1.2,108,108,"Good","owner-occupied",51.511732,-0.046553,91,14,2,"limehouse","Thames Water",62600,"Tower Hamlets","light_rail",0,0,1,0.5176262,112000,470405.105990295,358405.105990295,3.20004558919906
"146",12119,NA,NA,"F","N","L",NA,NA,NA,NA,NA,NA,"N10","D",39,2,1.9,1.3,252,170,"Average","owner-occupied",51.589372,-0.134679,37,55,3,"alexandra palace","Thames Water",65800,"Haringey","rail",0,1,0,1.0818574,329000,451585.341854859,122585.341854859,0.372599823267047
"147",15068,NA,NA,"F","N","L",NA,NA,NA,NA,NA,NA,"SE26","C",89,3,2.5,2.2,147,127,"Average","owner-occupied",51.43138,-0.065922,23,71,3,"sydenham","Thames Water",51700,"Lewisham","light_rail",0,1,1,0.6822972,321000,438883.466518575,117883.466518575,0.367238213453504
"148",10122,NA,NA,"S","N","F",NA,NA,NA,NA,NA,NA,"IG7","D",81,4,3.2,2,227,137,"Average","rental (private)",51.614699,0.109702,57,64,4,"grange hill","Thames Water",41800,"Redbridge","tube",1,0,0,0.925886,316000,437298.993243644,121298.993243644,0.383857573555835
"149",2899,NA,NA,"F","N","L",NA,NA,NA,NA,NA,NA,"E15","C",53,3,1.9,1.3,202,135,"Average","owner-occupied",51.543475,0.015189,171,12,3,"maryland","Thames Water",50200,"Newham","rail",0,1,0,0.668005,238000,337470.878762166,99470.8787621657,0.417944868748595
"150",8308,NA,NA,"T","N","F",NA,NA,NA,NA,NA,NA,"W3","E",170,7,9.7,6.7,298,204,"Good","rental (private)",51.515651,-0.266103,40,34,3,"acton main line","Thames Water",55100,"Ealing","rail",0,1,0,0.2274324,1032000,1518710.23333011,486710.233330106,0.471618443149328
"151",13565,NA,NA,"S","N","F",NA,NA,NA,NA,NA,NA,"SE16","E",41,2,2.8,1.3,403,184,"Good","owner-occupied",51.503838,-0.043389,40,8,2,"rotherhithe","Thames Water",69100,"Southwark","light_rail",0,0,1,0.6822972,410000,726057.51577584,316057.51577584,0.770871989697172
"152",2517,NA,NA,"S","N","F",NA,NA,NA,NA,NA,NA,"TW3","E",168,5,8.4,3.4,284,114,"Average","owner-occupied",51.462179,-0.364809,72,22,5,"hounslow","Thames Water",57400,"Hounslow","rail",0,1,0,0.226811,517000,934191.641980511,417191.641980511,0.806947083134451
"153",14971,NA,NA,"D","N","F",NA,NA,NA,NA,NA,NA,"DA14","D",366,11,17,9.3,228,126,"Poor","owner-occupied",51.430012,0.092264,6,52,5,"sidcup","Thames Water",48100,"Bexley","rail",0,1,0,1.0545158,924000,1431731.76227968,507731.762279684,0.549493249220437
"154",3255,NA,NA,"T","N","F",NA,NA,NA,NA,NA,NA,"E15","D",80,4,3.4,1.8,241,121,"Average","owner-occupied",51.55442,-0.006455,153,9,3,"leyton","Thames Water",46700,"Newham","tube",1,0,0,0.391482,424000,580035.343124591,156035.343124591,0.368007884727809
"155",5538,NA,NA,"F","N","L",NA,NA,NA,NA,NA,NA,"KT3","C",47,2,2.6,1.8,322,228,"Good","owner-occupied",51.400425,-0.261513,27,23,4,"new malden","Thames Water",61000,"Kingston upon Thames","rail",0,1,0,0.5008484,166000,262483.781837613,96483.781837613,0.581227601431403
"156",8740,NA,NA,"F","N","L",NA,NA,NA,NA,NA,NA,"W3","D",28,2,2.2,1.6,437,317,"Average","rental (private)",51.515341,-0.280455,70,33,3,"west acton","Thames Water",55100,"Ealing","tube",1,0,0,0.3367988,226000,435592.779993162,209592.779993162,0.927401681385674
"157",10415,NA,NA,"F","N","L",NA,NA,NA,NA,NA,NA,"TW2","C",47,3,1.7,1.4,205,175,"Average","rental (social)",51.443994,-0.35435,114,19,5,"whitton","Thames Water",61900,"Richmond upon Thames","rail",0,1,0,1.0352524,193000,341859.098770883,148859.098770883,0.77129066720665
"158",13940,NA,NA,"F","N","L",NA,NA,NA,NA,NA,NA,"EN4","C",50,3,1.6,1.5,187,170,"Very Poor","rental (private)",51.656496,-0.160242,42,84,5,"cockfosters","Affinity Water",54900,"Barnet","tube",1,0,0,0.7730216,152000,333438.254265528,181438.254265528,1.19367272543111
"159",4827,NA,NA,"S","N","F",NA,NA,NA,NA,NA,NA,"KT9","D",83,4,3,1.2,206,80,"Very Poor","rental (private)",51.358712,-0.297213,129,46,6,"chessington south","Thames Water",59700,"Kingston upon Thames","rail",0,1,0,0.581009,293000,490347.749054036,197347.749054036,0.673541805645174
"160",1030,NA,NA,"F","N","L",NA,NA,NA,NA,NA,NA,"SW17","C",39,2,1.9,1.9,286,286,"Average","owner-occupied",51.431281,-0.151738,70,33,3,"tooting bec","Thames Water",69000,"Wandsworth","tube",1,0,0,0.664898,328000,465139.121043545,137139.121043545,0.418107076352271
"161",15829,NA,NA,"F","N","L",NA,NA,NA,NA,NA,NA,"SM1","D",52,2,2.8,2,305,221,"Poor","owner-occupied",51.364478,-0.201617,58,47,5,"west sutton","SES Water",55200,"Sutton","rail",0,1,0,0.382161,117000,238213.556462682,121213.556462682,1.03601330309984
"162",10305,NA,NA,"S","N","F",NA,NA,NA,"CATFORD",NA,NA,"SE6","E",134,6,7.7,3.4,327,142,"Average","owner-occupied",51.446449,-0.01201,104,22,3,"catford bridge","Thames Water",48700,"Lewisham","rail",0,1,0,0.6636552,312000,624189.170293282,312189.170293282,1.00060631504257
"163",1719,NA,NA,"T","N","L",NA,NA,NA,NA,NA,NA,"DA15","D",38,2,3.2,1.2,503,194,"Average","owner-occupied",51.45101,0.088762,84,41,4,"falconwood","Thames Water",56500,"Bexley","rail",0,1,0,1.0669438,222000,385420.694095641,163420.694095641,0.736129252683067
"164",3386,NA,NA,"F","N","L",NA,NA,NA,NA,NA,NA,"SE13","D",66,3,3.5,2.8,278,220,"Very Poor","owner-occupied",51.468065,-0.010279,98,23,2,"lewisham","Thames Water",59500,"Lewisham","light_rail",0,1,1,0.2094118,299000,408044.195765807,109044.195765807,0.364696306909052
"165",15135,NA,NA,"F","N","L",NA,NA,NA,NA,NA,NA,"SW6","D",25,2,1.5,1.2,365,283,"Good","owner-occupied",51.477937,-0.203423,39,9,2,"parsons green","Thames Water",61900,"Hammersmith and Fulham","tube",1,0,0,0.3815396,297000,529385.801417475,232385.801417475,0.782443775816415
"166",13832,NA,NA,"F","N","L",NA,NA,NA,"BLACKHEATH",NA,NA,"SE3","E",38.51,2,4.3,3.6,735,614,"Very Poor","rental (private)",51.473465,0.019965,32,43,3,"blackheath","Thames Water",67800,"Greenwich","rail",0,1,0,0.8861164,287000,407481.039480149,120481.039480149,0.419794562648601
"167",12530,NA,NA,"S","N","F",NA,NA,NA,NA,NA,NA,"SE25","D",119,4,5,2,240,91,"Average","owner-occupied",51.391539,-0.066841,83,48,3,"woodside","Thames Water",50500,"Croydon","light_rail",0,0,1,0.3069716,454000,634817.976448468,180817.976448468,0.398277481164027
"168",10952,NA,NA,"T","N","L",NA,NA,NA,NA,NA,NA,"SW11","E",150,7,7.9,3.5,297,132,"Poor","owner-occupied",51.460972,-0.165845,187,15,2,"clapham junction","Thames Water",73000,"Wandsworth","light_rail",0,1,1,0.4126096,585000,1266594.83218471,681594.832184715,1.16511937125592
"169",7793,NA,NA,"F","N","L",NA,NA,NA,NA,NA,NA,"RM5","C",52,2,1.8,1.3,193,145,"Average","owner-occupied",51.608976,0.174458,52,80,6,"gidea park","Essex & Suffolk Water",42400,"Havering","rail",0,1,0,3.1772182,129000,232926.982413669,103926.982413669,0.805635522586584
"170",6702,NA,NA,"T","N","F",NA,NA,NA,NA,NA,NA,"SM2","E",99,3,5.9,2.5,337,143,"Poor","owner-occupied",51.344529,-0.196167,94,98,5,"belmont","SES Water",67900,"Sutton","rail",0,1,0,0.2249468,336000,468798.307512763,132798.307512763,0.3952330580737
"171",6682,NA,NA,"F","N","L",NA,NA,NA,NA,NA,NA,"CR7","D",36,2,2.5,0.9,405,145,"Average","rental (private)",51.397515,-0.108996,29,46,4,"thornton heath","Thames Water",51500,"Croydon","rail",0,1,0,0.4455438,127000,266160.570054949,139160.570054949,1.09575252011771
"172",10330,NA,NA,"D","N","F",NA,NA,NA,NA,NA,NA,"CR2","C",99,5,3.1,1.5,176,85,"Average","owner-occupied",51.346426,-0.108372,37,86,6,"purley oaks","Thames Water",58600,"Croydon","rail",0,1,0,0.7040462,385000,588425.615292874,203425.615292874,0.528378221539934
"173",244,NA,NA,"S","N","F",NA,NA,NA,NA,NA,NA,"HA3","D",119,4,5.4,3.4,260,159,"Average","owner-occupied",51.597905,-0.322487,58,54,5,"harrow and wealdstone","Affinity Water",50600,"Brent","tube",2,1,1,0.8277048,322000,591049.707013282,269049.707013282,0.835558096314542
"174",8570,NA,NA,"F","N","L",NA,NA,NA,NA,NA,NA,"SW1V","D",67.1,3,2.6,2,204,152,"Average","owner-occupied",51.490878,-0.137748,114,13,1,"pimlico","Thames Water",61900,"Westminster","tube",1,0,0,0.2460744,431000,755779.946832939,324779.946832939,0.75354976063327
"175",5731,NA,NA,"F","N","L",NA,NA,NA,NA,NA,NA,"SE5","C",39.04,2,2,2,342,335,"Poor","rental (private)",51.470159,-0.08359,106,26,2,"denmark hill","Thames Water",56300,"Southwark","light_rail",0,1,1,0.4511364,227000,377536.655872466,150536.655872466,0.663157074328044
"176",9878,NA,NA,"D","N","F",NA,NA,NA,NA,NA,NA,"TW5","E",156,5,8.4,3.6,306,131,"Average","owner-occupied",51.48513,-0.392908,60,29,5,"hounslow west","Thames Water",43800,"Hounslow","tube",1,0,0,1.2452856,271000,695515.69779432,424515.69779432,1.56647858964694
"177",15439,NA,NA,"D","N","F",NA,NA,NA,NA,NA,NA,"BR6","D",141,6,5.8,3.4,211,123,"Average","owner-occupied",51.374385,0.066249,14,94,6,"orpington","Thames Water",66900,"Bromley","rail",0,1,0,1.2316148,325000,777276.162279953,452276.162279953,1.39161896086139
"178",1734,NA,NA,"F","N","L",NA,NA,NA,NA,NA,NA,"N11","D",55,2,2.6,1.5,271,155,"Average","owner-occupied",51.610373,-0.124961,89,42,3,"bounds green","Thames Water",50800,"Barnet","tube",1,0,0,0.2063048,206000,351028.73826594,145028.73826594,0.70402300129097
"179",13283,NA,NA,"T","N","F",NA,NA,NA,NA,NA,NA,"E12","D",100,5,4.4,2,247,112,"Average","owner-occupied",51.552731,0.059031,272,10,3,"manor park","Thames Water",40800,"Redbridge","rail",0,1,0,0.8879806,259000,388313.669505276,129313.669505276,0.499280577240446
"180",15593,NA,NA,"F","N","L",NA,NA,NA,NA,NA,NA,"SE6","D",30,2,2.1,1.4,409,280,"Very Poor","owner-occupied",51.441945,0.008515,57,33,3,"lee","Thames Water",48000,"Lewisham","rail",0,1,0,1.059487,223000,325653.619116,102653.619116,0.460330130565021
"181",8684,NA,NA,"F","N","L",NA,NA,NA,NA,NA,NA,"SW18","B",49,2,0.9,0.9,107,107,"Average","owner-occupied",51.458085,-0.195393,18,9,2,"wandsworth town","Thames Water",58200,"Wandsworth","rail",0,1,0,0.5760378,131000,406589.747795896,275589.747795896,2.1037385327931
"182",12265,NA,NA,"F","N","L",NA,NA,NA,NA,NA,NA,"NW8","C",47,2,1.3,1.2,157,146,"Average","rental (private)",51.527085,-0.170538,65,38,1,"edgware road (bakerloo)","Thames Water",39800,"Westminster","tube",2,0,0,0.5306756,323000,439089.683455443,116089.683455443,0.359410784691774
"183",1265,NA,NA,"F","N","L",NA,NA,NA,NA,NA,NA,"CR4","D",53,3,2.4,1.2,253,132,"Average","rental (private)",51.406436,-0.164461,49,23,3,"mitcham eastfields","Thames Water",45700,"Merton","rail",0,1,0,0.5741736,170000,285313.878121248,115313.878121248,0.678316930124988
"184",5574,NA,NA,"F","N","L",NA,NA,NA,NA,NA,NA,"EN3","C",29,2,1.3,0.9,245,166,"Good","owner-occupied",51.675854,-0.040077,127,19,6,"turkey street","Thames Water",46000,"Enfield","light_rail",0,0,1,0.4498936,172000,246347.35786356,74347.3578635603,0.432252080602095
"185",12729,NA,NA,"S","N","L",NA,NA,NA,NA,NA,NA,"DA15","D",59,3,2.4,1.8,232,169,"Average","owner-occupied",51.452133,0.105898,114,42,4,"welling","Thames Water",51000,"Bexley","rail",0,1,0,1.4689896,256000,382597.080362791,126597.080362791,0.494519845167151
"186",9661,NA,NA,"F","N","L",NA,NA,NA,NA,NA,NA,"NW1","C",54,2,1.6,1,172,104,"Very Poor","owner-occupied",51.543129,-0.155661,47,39,2,"chalk farm","Thames Water",54500,"Camden","tube",1,0,0,0.2373748,302000,551921.766995572,249921.766995572,0.827555519852886
"187",656,NA,NA,"T","N","F",NA,NA,NA,NA,NA,NA,"W6","E",114,6,5.7,2.9,283,143,"Very Poor","rental (private)",51.484156,-0.221455,91,6,2,"barons court","Thames Water",59500,"Hammersmith and Fulham","tube",2,0,0,0.8519394,503000,1139370.13374262,636370.133742621,1.2651493712577
"188",3289,NA,NA,"T","N","F",NA,NA,NA,NA,NA,NA,"E13","C",60,4,2.1,0.5,199,40,"Average","rental (social)",51.531364,0.017149,92,5,3,"plaistow","Thames Water",43200,"Newham","tube",2,0,0,0.1565928,290000,403429.865553231,113429.865553231,0.391137467424934
"189",833,NA,NA,"S","N","F",NA,NA,NA,NA,NA,NA,"IG8","D",85,4,4.4,2,296,133,"Average","owner-occupied",51.601779,0.001756,154,37,4,"highams park","Thames Water",62400,"Redbridge","light_rail",0,0,1,0.6319638,444000,650575.495813873,206575.495813873,0.465260125706921
"190",14673,NA,NA,"F","N","L",NA,NA,NA,NA,NA,NA,"N11","D",145,5,6.5,3.9,236,139,"Average","owner-occupied",51.618022,-0.149116,53,60,4,"new southgate","Affinity Water",54300,"Barnet","rail",0,1,0,0.397696,382000,540830.588140835,158830.588140835,0.41578687994983
"191",11529,NA,NA,"T","N","F",NA,NA,NA,NA,NA,NA,"SE2","D",90.85,5,3.9,2.5,223,141,"Good","owner-occupied",51.494333,0.115564,52,2,4,"abbey wood","Thames Water",41900,"Greenwich","rail",0,1,0,0.7469228,204000,350784.040285267,146784.040285267,0.719529609241505
"192",14781,NA,NA,"T","N","F",NA,NA,NA,NA,NA,NA,"IG2","D",118,5,5.7,2.2,275,104,"Average","owner-occupied",51.580232,0.067692,185,27,4,"gants hill","Thames Water",55100,"Redbridge","tube",1,0,0,0.282737,403000,556263.245994037,153263.245994037,0.380305821325153
"193",11397,NA,NA,"F","N","L",NA,NA,NA,NA,NA,NA,"SE1","B",46,2,1.4,1.3,169,159,"Good","rental (private)",51.50217,-0.098875,34,9,1,"borough","Thames Water",56600,"Southwark","tube",1,0,0,0.360412,259000,441950.039882464,182950.039882464,0.706370810357003
"194",8049,NA,NA,"F","N","L",NA,NA,NA,NA,NA,NA,"SE26","C",47,2,1.2,1.2,141,141,"Average","owner-occupied",51.42704,-0.037983,91,35,4,"lower sydenham","Thames Water",43700,"Lewisham","rail",0,1,0,0.4697784,185000,273328.173290992,88328.1732909917,0.477449585356712
"195",3193,NA,NA,"F","N","L",NA,NA,NA,NA,NA,NA,"W1G","C",43,2,1.9,1.2,252,165,"Average","rental (private)",51.520895,-0.151356,18,31,1,"baker street","Thames Water",73500,"Westminster","tube",6,0,0,0.5350254,325000,899620.701344884,574620.701344884,1.7680636964458
"196",12451,NA,NA,"T","N","L",NA,NA,NA,NA,NA,NA,"IG11","C",45,2,1,1,114,114,"Good","owner-occupied",51.535595,0.079727,218,8,4,"barking","Essex & Suffolk Water",44200,"Barking and Dagenham","tube",2,0,1,0.400803,232000,340252.407943922,108252.407943922,0.466605206654837
"197",8830,NA,NA,"F","N","L",NA,NA,NA,NA,NA,NA,"BR3","B",43,2,1.7,1.5,228,211,"Good","owner-occupied",51.40058,-0.041042,94,36,4,"elmers end","Thames Water",59500,"Bromley","light_rail",0,1,1,0.5816304,203000,281390.278383465,78390.2783834653,0.3861590068151
"198",13865,NA,NA,"F","N","L",NA,NA,NA,NA,NA,NA,"CR0","C",46,2,1.4,1.3,177,161,"Average","owner-occupied",51.370855,-0.100871,25,53,3,"george street","Thames Water",51400,"Croydon","light_rail",0,0,1,0.3865108,117000,260780.665914703,143780.665914703,1.22889458046755
"199",1941,NA,NA,"F","N","L",NA,NA,NA,NA,NA,NA,"N1","C",47,2,1.6,1.2,191,148,"Average","owner-occupied",51.53322,-0.116657,65,25,1,"king's cross","Thames Water",44400,"Islington","tube",6,1,0,0.3548194,510000,695152.650959264,185152.650959264,0.363044413645616
"200",4554,NA,NA,"F","N","L",NA,NA,NA,NA,NA,NA,"SW11","D",96,4,2.9,3,181,185,"Average","owner-occupied",51.474491,-0.152944,181,8,2,"queenstown road","Thames Water",54100,"Wandsworth","rail",0,1,0,0.3280992,399000,574893.010167853,175893.010167853,0.440834611949507
